Datetime,Close,Volume
20200416-0930,278.81,0
20200416-0935,278.24,1797740
20200416-0940,278.56,1213330
20200416-0945,277.93,1251361
20200416-0950,277.74,1616670
20200416-0955,276.81,1687056
20200416-1000,276.2,1614675
20200416-1005,276.29,1443914
20200416-1010,276.06,1503731
20200416-1015,276.48,1338471
20200416-1020,277.07,1219523
20200416-1025,277.43,1295420
20200416-1030,277.27,1367806
20200416-1035,276.88,1283308
20200416-1040,277.99,2047043
20200416-1045,278.15,1026986
20200416-1050,277.83,837967
20200416-1055,278.52,1582078
20200416-1100,278.56,999882
20200416-1105,279.0,3314557
20200416-1110,278.79,2074937
20200416-1115,279.21,1311676
20200416-1120,279.14,1133798
20200416-1125,278.94,1367182
20200416-1130,278.55,804952
20200416-1135,278.85,953485
20200416-1140,278.95,726508
20200416-1145,278.78,531512
20200416-1150,279.96,1139588
20200416-1155,279.72,1100620
20200416-1200,279.11,1664751
20200416-1205,278.38,1226898
20200416-1210,278.17,1185456
20200416-1215,277.28,2278456
20200416-1220,276.96,1832138
20200416-1225,277.16,1272752
20200416-1230,276.16,1708773
20200416-1235,276.43,1156982
20200416-1240,276.91,2154414
20200416-1245,276.98,2266210
20200416-1250,277.0,2122059
20200416-1255,277.27,1071628
20200416-1300,277.08,920094
20200416-1305,277.05,851250
20200416-1310,277.41,1026531
20200416-1315,277.54,944621
20200416-1320,277.51,1416827
20200416-1325,277.78,722092
20200416-1330,277.92,833098
20200416-1335,277.74,781062
20200416-1340,278.12,989574
20200416-1345,277.76,658304
20200416-1350,277.3,1338582
20200416-1355,277.44,1704234
20200416-1400,277.45,1245625
20200416-1405,278.09,1662775
20200416-1410,278.35,1778039
20200416-1415,278.23,900939
20200416-1420,277.9,833863
20200416-1425,278.05,939362
20200416-1430,278.3,689275
20200416-1435,278.71,771072
20200416-1440,278.56,516486
20200416-1445,278.14,581730
20200416-1450,278.25,1082990
20200416-1455,278.34,557470
20200416-1500,277.95,953435
20200416-1505,277.75,1179983
20200416-1510,277.96,1650753
20200416-1515,277.84,1054138
20200416-1520,278.43,1303559
20200416-1525,278.8,1115306
20200416-1530,279.14,1665747
20200416-1535,279.17,1376749
20200416-1540,278.87,1778361
20200416-1545,278.83,2503161
20200416-1550,279.86,4715690
20200416-1555,279.18,4301019
20200417-0930,284.63,10059410
20200417-0935,284.98,2679570
20200417-0940,284.65,2066203
20200417-0945,284.88,3379827
20200417-0950,284.65,1379065
20200417-0955,285.53,1811851
20200417-1000,285.17,3746242
20200417-1005,285.4,2165196
20200417-1010,284.27,2414221
20200417-1015,283.64,3553593
20200417-1020,283.77,1465196
20200417-1025,283.75,1320133
20200417-1030,283.3,6842515
20200417-1035,283.34,1943007
20200417-1040,283.3,1495567
20200417-1045,282.62,1208074
20200417-1050,283.39,1063237
20200417-1055,283.38,861743
20200417-1100,283.69,1110609
20200417-1105,283.77,962523
20200417-1110,283.44,1956836
20200417-1115,283.3,3333136
20200417-1120,283.04,693916
20200417-1125,282.71,878368
20200417-1130,283.33,925618
20200417-1135,283.56,821226
20200417-1140,283.5,961909
20200417-1145,283.72,779586
20200417-1150,283.67,576412
20200417-1155,283.5,3244112
20200417-1200,283.22,705539
20200417-1205,283.1,1746052
20200417-1210,283.43,554835
20200417-1215,283.85,1358353
20200417-1220,283.48,2730208
20200417-1225,283.34,709486
20200417-1230,283.71,535386
20200417-1235,284.08,1167561
20200417-1240,284.17,680722
20200417-1245,284.55,763971
20200417-1250,284.6,833894
20200417-1255,284.34,1300562
20200417-1300,284.31,931811
20200417-1305,284.55,584876
20200417-1310,284.24,785543
20200417-1315,284.72,855998
20200417-1320,284.17,900661
20200417-1325,283.99,1058337
20200417-1330,284.0,630295
20200417-1335,284.47,1724402
20200417-1340,284.4,549437
20200417-1345,283.8,943038
20200417-1350,283.99,1017647
20200417-1355,284.08,978385
20200417-1400,283.69,721011
20200417-1405,283.7,1150596
20200417-1410,283.53,921647
20200417-1415,283.71,647096
20200417-1420,283.71,922171
20200417-1425,283.45,596886
20200417-1430,283.13,771556
20200417-1435,282.94,971925
20200417-1440,283.16,880773
20200417-1445,283.36,639215
20200417-1450,283.08,1014448
20200417-1455,283.62,723327
20200417-1500,283.79,1002569
20200417-1505,283.94,725741
20200417-1510,284.02,805783
20200417-1515,284.47,938586
20200417-1520,284.24,815448
20200417-1525,284.62,1322909
20200417-1530,285.06,1861642
20200417-1535,285.42,1722531
20200417-1540,285.55,3554932
20200417-1545,286.04,3266351
20200417-1550,286.96,7014185
20200417-1555,286.65,8680898
20200420-0930,282.4,7026820
20200420-0935,283.09,1810942
20200420-0940,282.92,1324221
20200420-0945,283.61,1419056
20200420-0950,283.38,1141990
20200420-0955,283.35,1006495
20200420-1000,283.4,1004378
20200420-1005,283.5,925615
20200420-1010,283.88,1316525
20200420-1015,283.8,764663
20200420-1020,283.69,901759
20200420-1025,283.69,1109776
20200420-1030,283.84,1023418
20200420-1035,283.61,689957
20200420-1040,284.33,1424545
20200420-1045,284.91,1960306
20200420-1050,285.11,2168780
20200420-1055,285.15,1618058
20200420-1100,285.21,1318697
20200420-1105,285.32,1144367
20200420-1110,284.85,1502408
20200420-1115,284.94,767095
20200420-1120,285.4,1119915
20200420-1125,285.35,2405976
20200420-1130,285.34,728667
20200420-1135,286.15,1489491
20200420-1140,286.01,677827
20200420-1145,286.05,1158903
20200420-1150,285.87,464756
20200420-1155,285.93,592509
20200420-1200,285.53,590695
20200420-1205,285.82,530582
20200420-1210,285.24,556049
20200420-1215,285.27,610272
20200420-1220,285.4,717242
20200420-1225,285.31,763219
20200420-1230,285.76,614937
20200420-1235,285.86,778661
20200420-1240,285.71,515823
20200420-1245,285.89,561189
20200420-1250,285.49,516689
20200420-1255,285.4,525781
20200420-1300,284.69,951646
20200420-1305,284.85,740287
20200420-1310,284.48,703385
20200420-1315,284.56,665284
20200420-1320,284.1,651421
20200420-1325,284.57,691250
20200420-1330,284.41,629177
20200420-1335,284.48,575313
20200420-1340,284.67,719196
20200420-1345,284.6,519191
20200420-1350,284.89,650533
20200420-1355,284.84,425247
20200420-1400,284.96,748615
20200420-1405,284.86,536268
20200420-1410,284.01,1147466
20200420-1415,283.66,1010905
20200420-1420,283.29,1827542
20200420-1425,282.63,1507677
20200420-1430,283.2,1810722
20200420-1435,283.3,927255
20200420-1440,283.25,1101802
20200420-1445,283.55,1052788
20200420-1450,282.59,1060031
20200420-1455,281.72,1965972
20200420-1500,282.07,1552817
20200420-1505,281.91,1919496
20200420-1510,282.08,1078042
20200420-1515,281.62,1004640
20200420-1520,282.2,1354380
20200420-1525,282.44,1203231
20200420-1530,282.94,1476263
20200420-1535,282.22,1201688
20200420-1540,282.36,1211461
20200420-1545,282.63,1614908
20200420-1550,282.13,3478400
20200420-1555,281.59,3739986
20200421-0930,276.65,9429268
20200421-0935,275.46,2294872
20200421-0940,275.86,1682286
20200421-0945,276.88,2020272
20200421-0950,277.08,1723310
20200421-0955,277.65,2059067
20200421-1000,277.64,1639893
20200421-1005,276.89,1349412
20200421-1010,276.53,1099826
20200421-1015,276.18,1080732
20200421-1020,276.91,1349714
20200421-1025,276.88,1124109
20200421-1030,276.26,1049438
20200421-1035,275.85,1139369
20200421-1040,275.85,967511
20200421-1045,274.89,1429748
20200421-1050,274.69,1864108
20200421-1055,274.17,1992524
20200421-1100,273.75,1840458
20200421-1105,273.96,1491523
20200421-1110,272.98,1826131
20200421-1115,273.3,2046808
20200421-1120,273.4,1546141
20200421-1125,272.88,1413803
20200421-1130,273.16,1814650
20200421-1135,272.66,1567603
20200421-1140,272.24,1384685
20200421-1145,272.95,2284542
20200421-1150,273.21,1576967
20200421-1155,273.61,1553752
20200421-1200,273.09,1482498
20200421-1205,273.39,924101
20200421-1210,273.52,1581563
20200421-1215,273.35,1364670
20200421-1220,272.87,1069152
20200421-1225,272.96,631310
20200421-1230,272.41,1066273
20200421-1235,272.39,986972
20200421-1240,272.18,805426
20200421-1245,272.68,1008092
20200421-1250,273.32,1673469
20200421-1255,273.41,798634
20200421-1300,273.78,1146065
20200421-1305,273.66,811961
20200421-1310,273.47,890823
20200421-1315,273.78,867543
20200421-1320,274.25,1804600
20200421-1325,274.47,838410
20200421-1330,274.41,639740
20200421-1335,274.94,1425199
20200421-1340,274.82,1567088
20200421-1345,273.85,1610179
20200421-1350,274.29,819241
20200421-1355,274.02,1145001
20200421-1400,274.22,1006314
20200421-1405,274.56,1049174
20200421-1410,274.73,659502
20200421-1415,274.34,1061593
20200421-1420,275.38,1444288
20200421-1425,274.93,927835
20200421-1430,274.5,658962
20200421-1435,274.08,1132754
20200421-1440,273.54,1201760
20200421-1445,273.44,985403
20200421-1450,273.83,884059
20200421-1455,273.49,662033
20200421-1500,274.07,1045107
20200421-1505,272.92,1446207
20200421-1510,273.92,1094116
20200421-1515,274.47,1218893
20200421-1520,274.3,1068247
20200421-1525,274.29,1141753
20200421-1530,274.35,1889907
20200421-1535,274.9,2498743
20200421-1540,274.39,1510256
20200421-1545,273.49,2286435
20200421-1550,272.74,4416529
20200421-1555,273.65,4521034
20200422-0930,278.01,8044895
20200422-0935,278.36,1341571
20200422-0940,278.08,1121056
20200422-0945,277.2,1764369
20200422-0950,277.27,1063796
20200422-0955,277.81,926406
20200422-1000,277.27,1253318
20200422-1005,277.43,652292
20200422-1010,277.0,1100106
20200422-1015,277.46,818482
20200422-1020,277.95,874828
20200422-1025,277.7,803152
20200422-1030,277.88,998356
20200422-1035,278.35,876326
20200422-1040,278.32,969849
20200422-1045,278.15,724563
20200422-1050,277.68,1012501
20200422-1055,277.59,745641
20200422-1100,277.8,847549
20200422-1105,277.77,493873
20200422-1110,278.03,515502
20200422-1115,278.34,1021639
20200422-1120,278.42,550274
20200422-1125,278.25,667853
20200422-1130,278.56,820413
20200422-1135,278.42,494536
20200422-1140,278.78,1356777
20200422-1145,278.77,847157
20200422-1150,278.99,573008
20200422-1155,278.68,752730
20200422-1200,278.9,1068999
20200422-1205,278.42,561183
20200422-1210,278.53,648308
20200422-1215,278.73,422085
20200422-1220,278.85,501845
20200422-1225,278.86,417370
20200422-1230,278.79,396022
20200422-1235,279.0,518191
20200422-1240,279.0,698716
20200422-1245,278.85,439584
20200422-1250,278.47,756363
20200422-1255,278.59,463567
20200422-1300,278.43,856162
20200422-1305,278.4,737219
20200422-1310,278.59,409780
20200422-1315,278.73,313654
20200422-1320,278.88,399561
20200422-1325,279.22,678895
20200422-1330,278.98,1734902
20200422-1335,278.87,396824
20200422-1340,279.18,478598
20200422-1345,279.25,417666
20200422-1350,279.33,1228916
20200422-1355,279.24,324801
20200422-1400,279.25,464811
20200422-1405,279.25,558181
20200422-1410,279.16,1097440
20200422-1415,279.04,298154
20200422-1420,279.48,582962
20200422-1425,279.24,622924
20200422-1430,279.75,2033659
20200422-1435,279.71,1194248
20200422-1440,279.9,626366
20200422-1445,280.02,3224609
20200422-1450,279.72,1656961
20200422-1455,279.99,700155
20200422-1500,280.3,1670399
20200422-1505,280.08,665583
20200422-1510,279.86,1160930
20200422-1515,280.01,821532
20200422-1520,280.11,1446204
20200422-1525,279.98,1391851
20200422-1530,280.07,1053762
20200422-1535,280.19,1278893
20200422-1540,280.39,1972579
20200422-1545,280.37,2108166
20200422-1550,280.34,4261151
20200422-1555,279.17,6716525
20200423-0930,281.6,4995978
20200423-0935,282.0,1955153
20200423-0940,281.94,1328621
20200423-0945,281.63,1311185
20200423-0950,281.21,1200757
20200423-0955,281.52,1138996
20200423-1000,281.38,1165222
20200423-1005,281.9,1092391
20200423-1010,281.82,817892
20200423-1015,282.25,1037447
20200423-1020,282.47,943998
20200423-1025,282.44,1645919
20200423-1030,283.17,1173478
20200423-1035,283.15,960276
20200423-1040,283.78,1719722
20200423-1045,283.36,1303775
20200423-1050,283.27,745018
20200423-1055,283.28,986088
20200423-1100,283.09,977623
20200423-1105,282.94,729694
20200423-1110,282.82,690593
20200423-1115,282.92,662494
20200423-1120,282.94,624630
20200423-1125,283.25,1051594
20200423-1130,282.49,1101713
20200423-1135,282.2,1006003
20200423-1140,282.26,710401
20200423-1145,281.92,1084765
20200423-1150,281.99,973286
20200423-1155,282.29,696162
20200423-1200,282.39,773912
20200423-1205,282.68,589351
20200423-1210,282.59,577140
20200423-1215,282.76,561155
20200423-1220,282.97,505085
20200423-1225,283.03,692513
20200423-1230,282.97,463125
20200423-1235,283.05,638920
20200423-1240,281.2,2532434
20200423-1245,280.93,7757827
20200423-1250,280.6,3601207
20200423-1255,281.01,2285786
20200423-1300,281.57,1769453
20200423-1305,281.45,1364792
20200423-1310,281.95,1006474
20200423-1315,281.23,999279
20200423-1320,280.3,1813863
20200423-1325,280.3,1732393
20200423-1330,280.84,1049979
20200423-1335,280.43,1049520
20200423-1340,279.81,1120583
20200423-1345,279.46,1244748
20200423-1350,279.22,1422327
20200423-1355,279.88,1319832
20200423-1400,279.82,933962
20200423-1405,279.25,836139
20200423-1410,279.63,2206376
20200423-1415,280.05,1132908
20200423-1420,280.58,619589
20200423-1425,280.59,756667
20200423-1430,280.58,557454
20200423-1435,280.37,585693
20200423-1440,280.69,657816
20200423-1445,280.47,663224
20200423-1450,281.13,830556
20200423-1455,281.33,673508
20200423-1500,281.15,619693
20200423-1505,280.82,630481
20200423-1510,280.11,1118130
20200423-1515,279.61,849954
20200423-1520,279.68,1042613
20200423-1525,279.95,814504
20200423-1530,280.07,1348626
20200423-1535,279.93,1111342
20200423-1540,279.68,1249436
20200423-1545,280.3,1059961
20200423-1550,279.45,2978537
20200423-1555,279.08,3637667
20200424-0930,280.6,3956777
20200424-0935,280.59,924946
20200424-0940,279.98,780264
20200424-0945,279.12,1413683
20200424-0950,279.57,884998
20200424-0955,278.86,1029629
20200424-1000,279.22,1035700
20200424-1005,278.92,865387
20200424-1010,279.35,861152
20200424-1015,279.9,978273
20200424-1020,279.81,694579
20200424-1025,279.46,752998
20200424-1030,279.93,789752
20200424-1035,280.22,904554
20200424-1040,280.22,462521
20200424-1045,279.99,498840
20200424-1050,279.84,347664
20200424-1055,279.59,657166
20200424-1100,279.11,874617
20200424-1105,279.02,635424
20200424-1110,278.86,1336955
20200424-1115,279.2,698596
20200424-1120,279.42,627602
20200424-1125,279.14,2639012
20200424-1130,278.95,755062
20200424-1135,279.44,620779
20200424-1140,279.22,394842
20200424-1145,279.72,654381
20200424-1150,279.46,2398937
20200424-1155,279.35,617569
20200424-1200,279.51,435847
20200424-1205,279.8,511582
20200424-1210,279.61,262103
20200424-1215,279.73,414374
20200424-1220,279.52,710008
20200424-1225,280.0,598993
20200424-1230,279.85,446213
20200424-1235,280.2,722718
20200424-1240,280.36,838614
20200424-1245,280.35,415418
20200424-1250,280.08,964225
20200424-1255,280.22,347036
20200424-1300,280.01,347943
20200424-1305,280.02,262353
20200424-1310,279.91,362763
20200424-1315,280.04,788427
20200424-1320,280.03,271894
20200424-1325,280.31,370340
20200424-1330,280.17,528893
20200424-1335,280.46,404066
20200424-1340,280.87,863997
20200424-1345,280.77,495357
20200424-1350,281.05,720931
20200424-1355,281.52,1671993
20200424-1400,281.56,993649
20200424-1405,281.76,865703
20200424-1410,281.7,759722
20200424-1415,281.84,777653
20200424-1420,281.64,674290
20200424-1425,281.64,735179
20200424-1430,281.64,445490
20200424-1435,282.25,991649
20200424-1440,282.15,1016838
20200424-1445,282.39,688941
20200424-1450,282.08,884599
20200424-1455,282.21,850046
20200424-1500,281.88,826297
20200424-1505,282.49,733998
20200424-1510,282.27,965508
20200424-1515,282.43,842653
20200424-1520,282.75,827169
20200424-1525,282.92,1232832
20200424-1530,282.99,980388
20200424-1535,283.15,1350917
20200424-1540,283.49,2352434
20200424-1545,283.49,2744986
20200424-1550,282.9,3453153
20200424-1555,283.03,5222715
20200427-0930,285.12,3536953
20200427-0935,285.46,1074044
20200427-0940,284.74,1006052
20200427-0945,285.13,811978
20200427-0950,285.22,777838
20200427-0955,285.52,1291245
20200427-1000,285.55,1380287
20200427-1005,285.44,818228
20200427-1010,285.66,718457
20200427-1015,286.09,1008956
20200427-1020,285.89,1366272
20200427-1025,285.85,626864
20200427-1030,285.81,750188
20200427-1035,285.93,862038
20200427-1040,286.04,731659
20200427-1045,286.06,704079
20200427-1050,286.24,851046
20200427-1055,285.69,845764
20200427-1100,285.89,595426
20200427-1105,285.92,359295
20200427-1110,285.98,371276
20200427-1115,286.37,609607
20200427-1120,286.39,692391
20200427-1125,286.6,804514
20200427-1130,286.87,762478
20200427-1135,286.93,664370
20200427-1140,287.14,1266320
20200427-1145,287.05,1168131
20200427-1150,286.81,1272177
20200427-1155,286.91,372461
20200427-1200,286.51,796262
20200427-1205,286.58,603665
20200427-1210,286.66,434401
20200427-1215,286.86,493798
20200427-1220,286.76,407041
20200427-1225,286.7,799692
20200427-1230,287.14,914032
20200427-1235,287.03,1074835
20200427-1240,287.0,433564
20200427-1245,286.94,496167
20200427-1250,286.85,527549
20200427-1255,287.07,792240
20200427-1300,286.71,607766
20200427-1305,286.82,426535
20200427-1310,286.8,350296
20200427-1315,286.37,709224
20200427-1320,286.2,900198
20200427-1325,286.54,567268
20200427-1330,286.37,377095
20200427-1335,286.51,1084851
20200427-1340,286.22,536811
20200427-1345,286.26,763853
20200427-1350,286.52,441486
20200427-1355,286.52,466259
20200427-1400,286.82,466495
20200427-1405,286.87,285708
20200427-1410,286.98,397341
20200427-1415,287.02,383016
20200427-1420,286.98,351121
20200427-1425,286.86,355506
20200427-1430,286.96,512321
20200427-1435,287.08,403479
20200427-1440,287.23,1579075
20200427-1445,287.59,721056
20200427-1450,287.46,1175412
20200427-1455,287.36,502063
20200427-1500,287.65,959910
20200427-1505,287.29,778892
20200427-1510,287.61,1353394
20200427-1515,287.67,789726
20200427-1520,287.75,1414038
20200427-1525,287.51,1123472
20200427-1530,287.75,1039561
20200427-1535,287.84,1051605
20200427-1540,288.19,1386644
20200427-1545,288.08,1790771
20200427-1550,287.74,3253767
20200427-1555,287.11,4604766
20200428-0930,290.56,6611896
20200428-0935,290.53,1721222
20200428-0940,290.77,1820976
20200428-0945,290.49,4683886
20200428-0950,290.67,1392025
20200428-0955,289.48,2098649
20200428-1000,289.46,2756676
20200428-1005,289.89,1338506
20200428-1010,289.66,1105263
20200428-1015,289.43,1098953
20200428-1020,288.69,465527
20200428-1025,288.83,1148424
20200428-1030,288.45,1186052
20200428-1035,288.55,1013795
20200428-1040,287.34,1397064
20200428-1045,287.58,2635596
20200428-1050,286.8,1546065
20200428-1055,285.82,4686810
20200428-1100,286.39,1937221
20200428-1105,286.82,1564614
20200428-1110,287.07,1322948
20200428-1115,286.47,1308932
20200428-1120,286.91,1231236
20200428-1125,287.27,1021013
20200428-1130,287.62,1141133
20200428-1135,287.48,1159914
20200428-1140,287.49,619447
20200428-1145,287.17,1338690
20200428-1150,286.85,825560
20200428-1155,286.81,1034729
20200428-1200,286.66,862959
20200428-1205,287.16,781261
20200428-1210,286.92,1027078
20200428-1215,285.95,1211532
20200428-1220,286.15,658497
20200428-1225,286.41,510998
20200428-1230,286.75,758003
20200428-1235,286.69,477971
20200428-1240,286.8,525195
20200428-1245,286.83,497674
20200428-1250,286.61,475934
20200428-1255,287.31,791276
20200428-1300,287.54,542618
20200428-1305,287.44,526812
20200428-1310,287.19,469033
20200428-1315,287.09,424980
20200428-1320,287.38,798118
20200428-1325,287.41,542331
20200428-1330,287.21,513387
20200428-1335,287.13,452118
20200428-1340,287.91,775673
20200428-1345,287.84,1038724
20200428-1350,287.79,333381
20200428-1355,287.45,576592
20200428-1400,287.95,515438
20200428-1405,287.9,457010
20200428-1410,288.12,1180177
20200428-1415,288.07,432506
20200428-1420,288.11,511642
20200428-1425,288.09,1002550
20200428-1430,288.09,764084
20200428-1435,287.62,886619
20200428-1440,287.56,637872
20200428-1445,287.76,638262
20200428-1450,287.24,895518
20200428-1455,287.35,801846
20200428-1500,287.5,841641
20200428-1505,287.57,548958
20200428-1510,287.5,487924
20200428-1515,287.63,690819
20200428-1520,287.33,2094944
20200428-1525,287.54,787712
20200428-1530,287.26,755795
20200428-1535,287.43,1348213
20200428-1540,287.03,978762
20200428-1545,286.19,1707785
20200428-1550,285.55,4230610
20200428-1555,285.77,6264195
20200429-0930,291.03,11094374
20200429-0935,290.67,2335558
20200429-0940,291.17,1299143
20200429-0945,291.61,1818333
20200429-0950,291.82,1447774
20200429-0955,291.98,1427515
20200429-1000,291.56,1710921
20200429-1005,291.05,1429256
20200429-1010,291.1,2359829
20200429-1015,291.68,1212989
20200429-1020,291.92,1098345
20200429-1025,292.08,1159283
20200429-1030,292.13,1520472
20200429-1035,292.05,1125524
20200429-1040,292.24,587169
20200429-1045,292.22,953764
20200429-1050,292.54,1002770
20200429-1055,292.39,791461
20200429-1100,292.18,1159304
20200429-1105,292.33,839935
20200429-1110,292.45,998127
20200429-1115,292.65,1650074
20200429-1120,292.91,998087
20200429-1125,292.79,725853
20200429-1130,292.66,1282108
20200429-1135,292.43,621441
20200429-1140,292.41,649801
20200429-1145,292.64,1123069
20200429-1150,293.0,1409864
20200429-1155,292.89,1293085
20200429-1200,293.27,858181
20200429-1205,293.39,1229643
20200429-1210,293.42,833878
20200429-1215,293.31,1217011
20200429-1220,293.62,629585
20200429-1225,293.59,725647
20200429-1230,293.61,750754
20200429-1235,294.11,1243651
20200429-1240,294.14,867153
20200429-1245,294.26,747322
20200429-1250,294.18,743501
20200429-1255,293.94,862259
20200429-1300,294.28,947028
20200429-1305,294.51,936357
20200429-1310,294.38,730707
20200429-1315,294.48,562566
20200429-1320,294.11,585006
20200429-1325,294.01,1050394
20200429-1330,293.57,1181543
20200429-1335,293.67,834348
20200429-1340,293.38,602369
20200429-1345,293.73,815512
20200429-1350,293.59,1024164
20200429-1355,293.69,1240999
20200429-1400,293.17,2218828
20200429-1405,292.86,1331892
20200429-1410,292.92,1042280
20200429-1415,292.89,1273364
20200429-1420,293.31,1113584
20200429-1425,293.42,1668946
20200429-1430,293.46,1814696
20200429-1435,293.77,1565031
20200429-1440,293.94,831484
20200429-1445,293.57,848094
20200429-1450,293.23,898292
20200429-1455,293.97,1302284
20200429-1500,294.43,1203080
20200429-1505,294.36,1008977
20200429-1510,294.35,1045281
20200429-1515,294.33,1097694
20200429-1520,294.65,1520706
20200429-1525,294.79,1253732
20200429-1530,294.76,1609513
20200429-1535,294.58,1541894
20200429-1540,294.69,2147469
20200429-1545,294.55,2564932
20200429-1550,293.51,5779291
20200429-1555,293.19,5083223
20200430-0930,290.61,7898650
20200430-0935,290.22,2488140
20200430-0940,290.1,1903978
20200430-0945,290.24,1788107
20200430-0950,290.88,1869563
20200430-0955,291.23,2109467
20200430-1000,290.88,2778516
20200430-1005,291.47,1306378
20200430-1010,291.61,1212396
20200430-1015,291.48,1328436
20200430-1020,291.0,995619
20200430-1025,292.0,1090638
20200430-1030,292.1,1004927
20200430-1035,291.79,733645
20200430-1040,290.71,1270041
20200430-1045,291.03,2179021
20200430-1050,291.27,1450107
20200430-1055,291.04,1988769
20200430-1100,291.76,1117215
20200430-1105,291.62,1101633
20200430-1110,291.49,1566941
20200430-1115,291.21,918689
20200430-1120,291.03,1384224
20200430-1125,290.8,724498
20200430-1130,290.83,720755
20200430-1135,291.08,593457
20200430-1140,291.02,549436
20200430-1145,290.12,1374942
20200430-1150,289.92,920201
20200430-1155,289.6,1522588
20200430-1200,289.14,1736175
20200430-1205,289.41,1212464
20200430-1210,289.58,999941
20200430-1215,289.28,815067
20200430-1220,289.1,977634
20200430-1225,289.2,883164
20200430-1230,288.78,1023381
20200430-1235,289.23,1110611
20200430-1240,289.2,1891528
20200430-1245,289.58,729341
20200430-1250,289.78,1052777
20200430-1255,289.98,1997002
20200430-1300,289.38,962051
20200430-1305,289.75,514681
20200430-1310,290.34,1029502
20200430-1315,290.19,569851
20200430-1320,290.03,475347
20200430-1325,289.76,1216583
20200430-1330,289.65,731450
20200430-1335,289.5,861041
20200430-1340,289.41,807759
20200430-1345,289.34,408703
20200430-1350,289.36,804845
20200430-1355,289.22,397563
20200430-1400,289.51,927527
20200430-1405,289.56,470688
20200430-1410,289.92,545952
20200430-1415,289.49,781676
20200430-1420,289.68,390579
20200430-1425,289.72,994828
20200430-1430,289.99,980267
20200430-1435,289.46,1109231
20200430-1440,289.32,1106584
20200430-1445,289.4,824920
20200430-1450,289.25,1482085
20200430-1455,289.33,1288577
20200430-1500,289.2,748238
20200430-1505,289.77,1119991
20200430-1510,289.85,726740
20200430-1515,290.37,1488868
20200430-1520,290.78,1098697
20200430-1525,290.56,1123795
20200430-1530,290.44,1552598
20200430-1535,290.21,1289028
20200430-1540,290.04,1658148
20200430-1545,289.76,2388877
20200430-1550,290.96,3715516
20200430-1555,290.51,6121028
20200501-0930,285.95,5253967
20200501-0935,284.74,2300177
20200501-0940,284.8,2964076
20200501-0945,285.12,1423446
20200501-0950,284.55,2186904
20200501-0955,285.07,2401436
20200501-1000,285.45,2656936
20200501-1005,285.4,1036531
20200501-1010,285.02,3058879
20200501-1015,284.48,1130391
20200501-1020,284.35,3194975
20200501-1025,285.08,2252562
20200501-1030,285.1,1818842
20200501-1035,285.38,908115
20200501-1040,285.26,831950
20200501-1045,285.41,1017573
20200501-1050,285.22,972048
20200501-1055,285.11,1216641
20200501-1100,284.67,709549
20200501-1105,284.73,2282012
20200501-1110,284.87,1517143
20200501-1115,284.23,716639
20200501-1120,284.08,1825307
20200501-1125,283.88,1219580
20200501-1130,283.58,1547750
20200501-1135,283.95,1017915
20200501-1140,283.6,669244
20200501-1145,282.92,2459457
20200501-1150,282.71,1447552
20200501-1155,282.72,1867520
20200501-1200,282.03,1767897
20200501-1205,282.36,1852890
20200501-1210,282.98,1542194
20200501-1215,282.6,1015045
20200501-1220,282.48,1420870
20200501-1225,282.32,597023
20200501-1230,282.68,992753
20200501-1235,282.21,644904
20200501-1240,281.82,1247744
20200501-1245,282.24,879223
20200501-1250,282.35,727504
20200501-1255,282.31,700403
20200501-1300,282.69,1443621
20200501-1305,282.39,522307
20200501-1310,282.11,538799
20200501-1315,281.83,632418
20200501-1320,281.58,831448
20200501-1325,282.14,573701
20200501-1330,282.19,678012
20200501-1335,281.74,972016
20200501-1340,281.9,623114
20200501-1345,281.78,774142
20200501-1350,281.69,770197
20200501-1355,281.95,616294
20200501-1400,282.17,1691367
20200501-1405,281.95,752639
20200501-1410,281.75,880947
20200501-1415,282.14,1455885
20200501-1420,282.7,1121310
20200501-1425,282.73,932052
20200501-1430,282.43,709071
20200501-1435,282.62,522739
20200501-1440,282.37,683691
20200501-1445,282.4,647832
20200501-1450,282.39,803652
20200501-1455,282.55,585723
20200501-1500,282.44,1031506
20200501-1505,282.59,888097
20200501-1510,283.13,1102846
20200501-1515,283.23,1017178
20200501-1520,282.92,937223
20200501-1525,282.71,1270465
20200501-1530,282.33,1396757
20200501-1535,282.55,1923796
20200501-1540,282.54,1755051
20200501-1545,282.68,3045287
20200501-1550,281.66,4548109
20200501-1555,282.74,7612738
20200504-0930,279.96,5369938
20200504-0935,279.46,1905596
20200504-0940,279.66,1403665
20200504-0945,279.77,1280963
20200504-0950,280.61,1583113
20200504-0955,280.57,1085528
20200504-1000,281.34,1520623
20200504-1005,281.09,1420251
20200504-1010,281.29,946686
20200504-1015,281.86,1338128
20200504-1020,281.18,900203
20200504-1025,281.16,1192870
20200504-1030,280.74,922087
20200504-1035,281.12,631626
20200504-1040,281.43,917561
20200504-1045,281.31,970066
20200504-1050,281.27,1307930
20200504-1055,280.7,830158
20200504-1100,280.77,751340
20200504-1105,281.19,1105126
20200504-1110,281.15,732706
20200504-1115,281.38,442515
20200504-1120,281.67,807884
20200504-1125,280.96,1181146
20200504-1130,281.23,424802
20200504-1135,281.66,1161929
20200504-1140,281.63,969422
20200504-1145,281.77,647344
20200504-1150,281.78,435600
20200504-1155,281.42,856246
20200504-1200,281.7,387494
20200504-1205,281.68,540713
20200504-1210,281.39,469840
20200504-1215,281.43,288606
20200504-1220,281.73,631816
20200504-1225,281.87,425040
20200504-1230,281.58,623513
20200504-1235,281.17,687780
20200504-1240,281.32,369109
20200504-1245,281.17,493195
20200504-1250,281.0,427036
20200504-1255,281.09,382365
20200504-1300,281.19,371709
20200504-1305,281.23,709192
20200504-1310,280.77,993302
20200504-1315,280.5,1696490
20200504-1320,280.64,403054
20200504-1325,280.8,615582
20200504-1330,281.02,390793
20200504-1335,280.97,456293
20200504-1340,280.94,379156
20200504-1345,281.26,614380
20200504-1350,281.27,384450
20200504-1355,281.46,552902
20200504-1400,281.4,782967
20200504-1405,281.24,460619
20200504-1410,281.69,955294
20200504-1415,281.72,388897
20200504-1420,281.68,232364
20200504-1425,281.53,656119
20200504-1430,281.44,764204
20200504-1435,281.17,993768
20200504-1440,281.26,639989
20200504-1445,281.92,737836
20200504-1450,282.11,926152
20200504-1455,282.48,975701
20200504-1500,282.49,782790
20200504-1505,282.6,615447
20200504-1510,282.8,1264571
20200504-1515,283.12,886332
20200504-1520,283.14,1354406
20200504-1525,283.27,1006983
20200504-1530,283.75,1613726
20200504-1535,283.52,1108211
20200504-1540,283.71,976863
20200504-1545,283.7,1071673
20200504-1550,283.25,1993597
20200504-1555,283.67,2729261

Done
